----------------------------------------------------------------------
--          Subscription
----------------------------------------------------------------------

create sequence Sec_Subscription
    maxvalue 9999999
    increment by 1
    nocycle;

insert Subscription (Id, Name, Price, Renovation_Date ) values (Sec_Subscription.nextval, '', 10, );











INSERT INTO GENEROS (ID, NOMBRE) VALUES (1, 'Acción');
INSERT INTO GENEROS (ID, NOMBRE) VALUES (2, 'Comedia');
INSERT INTO GENEROS (ID, NOMBRE) VALUES (3, 'Drama');
INSERT INTO GENEROS (ID, NOMBRE) VALUES (4, 'Terror');
INSERT INTO GENEROS (ID, NOMBRE) VALUES (5, 'Ciencia Ficción');
INSERT INTO GENEROS (ID, NOMBRE) VALUES (6, 'Animación');
INSERT INTO GENEROS (ID, NOMBRE) VALUES (7, 'Aventura');
INSERT INTO GENEROS (ID, NOMBRE) VALUES (8, 'Documental');
INSERT INTO GENEROS (ID, NOMBRE) VALUES (9, 'Fantasía');
INSERT INTO GENEROS (ID, NOMBRE) VALUES (10, 'Romance');
----------------------------------------------------------
INSERT INTO CLASIFICACIONES (ID, NOMBRE) VALUES (1, 'G');
INSERT INTO CLASIFICACIONES (ID, NOMBRE) VALUES (2, 'PG');
INSERT INTO CLASIFICACIONES (ID, NOMBRE) VALUES (3, 'PG-13');
INSERT INTO CLASIFICACIONES (ID, NOMBRE) VALUES (4, 'R');
INSERT INTO CLASIFICACIONES (ID, NOMBRE) VALUES (5, 'NC-17');
INSERT INTO CLASIFICACIONES (ID, NOMBRE) VALUES (6, 'NR');
INSERT INTO CLASIFICACIONES (ID, NOMBRE) VALUES (7, 'Unrated');
INSERT INTO CLASIFICACIONES (ID, NOMBRE) VALUES (8, 'Not Rated');
INSERT INTO CLASIFICACIONES (ID, NOMBRE) VALUES (9, 'TV-G');
INSERT INTO CLASIFICACIONES (ID, NOMBRE) VALUES (10, 'TV-PG');
----------------------------------------------------------
INSERT INTO PROTAGONISTAS (ID, NOMBRE, APELLIDO) VALUES (1, 'Tom', 'Hanks');
INSERT INTO PROTAGONISTAS (ID, NOMBRE, APELLIDO) VALUES (2, 'Meryl', 'Streep');
INSERT INTO PROTAGONISTAS (ID, NOMBRE, APELLIDO) VALUES (3, 'Denzel', 'Washington');
INSERT INTO PROTAGONISTAS (ID, NOMBRE, APELLIDO) VALUES (4, 'Emma', 'Stone');
INSERT INTO PROTAGONISTAS (ID, NOMBRE, APELLIDO) VALUES (5, 'Leonardo', 'DiCaprio');
INSERT INTO PROTAGONISTAS (ID, NOMBRE, APELLIDO) VALUES (6, 'Scarlett', 'Johansson');
INSERT INTO PROTAGONISTAS (ID, NOMBRE, APELLIDO) VALUES (7, 'Brad', 'Pitt');
INSERT INTO PROTAGONISTAS (ID, NOMBRE, APELLIDO) VALUES (8, 'Natalie', 'Portman');
INSERT INTO PROTAGONISTAS (ID, NOMBRE, APELLIDO) VALUES (9, 'Hugh', 'Jackman');
INSERT INTO PROTAGONISTAS (ID, NOMBRE, APELLIDO) VALUES (10, 'Charlize', 'Theron');
----------------------------------------------------------
INSERT INTO DIRECTORES (ID, NOMBRE, APELLIDO) VALUES (1, 'Christopher', 'Nolan');
INSERT INTO DIRECTORES (ID, NOMBRE, APELLIDO) VALUES (2, 'Quentin', 'Tarantino');
INSERT INTO DIRECTORES (ID, NOMBRE, APELLIDO) VALUES (3, 'Steven', 'Spielberg');
INSERT INTO DIRECTORES (ID, NOMBRE, APELLIDO) VALUES (4, 'Martin', 'Scorsese');
INSERT INTO DIRECTORES (ID, NOMBRE, APELLIDO) VALUES (5, 'Alfonso', 'Cuaron');
INSERT INTO DIRECTORES (ID, NOMBRE, APELLIDO) VALUES (6, 'Greta', 'Gerwig');
INSERT INTO DIRECTORES (ID, NOMBRE, APELLIDO) VALUES (7, 'Jordan', 'Peele');
INSERT INTO DIRECTORES (ID, NOMBRE, APELLIDO) VALUES (8, 'Denis', 'Villeneuve');
INSERT INTO DIRECTORES (ID, NOMBRE, APELLIDO) VALUES (9, 'Hayao', 'Miyazaki');
INSERT INTO DIRECTORES (ID, NOMBRE, APELLIDO) VALUES (10, 'David', 'Fincher');



----------------------------------------------------------
INSERT INTO PELICULAS (TITULO, PRECIO_INICIAL)
VALUES ('The Godfather', 100);

INSERT INTO PELICULAS (TITULO, PRECIO_INICIAL)
VALUES ('The Shawshank Redemption', 80);

INSERT INTO PELICULAS (TITULO, PRECIO_INICIAL)
VALUES ('The Dark Knight', 90);

INSERT INTO PELICULAS (TITULO, PRECIO_INICIAL)
VALUES ('The Lord of the Rings: The Fellowship of the Ring', 7,);

INSERT INTO PELICULAS (TITULO, PRECIO_INICIAL)
VALUES ('Forrest Gump', 80);

INSERT INTO PELICULAS (TITULO, PRECIO_INICIAL)
VALUES ('The Matrix', 90);

INSERT INTO PELICULAS (TITULO, PRECIO_INICIAL)
VALUES ('Interstellar', 100);

INSERT INTO PELICULAS (TITULO, PRECIO_INICIAL)
VALUES ('Inception', 90);

INSERT INTO PELICULAS (TITULO, PRECIO_INICIAL)
VALUES ('The Silence of the Lambs', 80);

INSERT INTO PELICULAS (TITULO, PRECIO_INICIAL)
VALUES ('The Silence of the Lambs 2', 80);
----------------------------------------------------------
----------------------------------------------------------

INSERT INTO PELICULAS_GENEROS (TITULO_PELICULA, ID_GENERO)
VALUES ('The Godfather', 1);

INSERT INTO PELICULAS_GENEROS (TITULO_PELICULA, ID_GENERO)
VALUES ('The Shawshank Redemption', 2);

INSERT INTO PELICULAS_GENEROS (TITULO_PELICULA, ID_GENERO)
VALUES ('The Lord of the Rings: The Fellowship of the Ring', 3);

INSERT INTO PELICULAS_GENEROS (TITULO_PELICULA, ID_GENERO)
VALUES ('Forrest Gump', 4);

INSERT INTO PELICULAS_GENEROS (TITULO_PELICULA, ID_GENERO)
VALUES ('The Matrix', 5);

INSERT INTO PELICULAS_GENEROS (TITULO_PELICULA, ID_GENERO)
VALUES ('Interstellar', 6);

INSERT INTO PELICULAS_GENEROS (TITULO_PELICULA, ID_GENERO)
VALUES ('Inception', 7);

INSERT INTO PELICULAS_GENEROS (TITULO_PELICULA, ID_GENERO)
VALUES ('The Silence of the Lambs', 8);

INSERT INTO PELICULAS_GENEROS (TITULO_PELICULA, ID_GENERO)
VALUES ('The Silence of the Lambs 2', 9);

INSERT INTO PELICULAS_GENEROS (TITULO_PELICULA, ID_GENERO)
VALUES ('The Shawshank Redemption', 10);

---------------------------------------------------------
---------------------------------------------------------

INSERT INTO PELICULAS_PROTAGONISTAS (TITULO_PELICULA, ID_PROTAGONISTA)
VALUES ('The Godfather', 1);

INSERT INTO PELICULAS_PROTAGONISTAS (TITULO_PELICULA, ID_PROTAGONISTA)
VALUES ('The Shawshank Redemption', 2);

INSERT INTO PELICULAS_PROTAGONISTAS (TITULO_PELICULA, ID_PROTAGONISTA)
VALUES ('The Lord of the Rings: The Fellowship of the Ring', 3);

INSERT INTO PELICULAS_PROTAGONISTAS (TITULO_PELICULA, ID_PROTAGONISTA)
VALUES ('Forrest Gump', 4);

INSERT INTO PELICULAS_PROTAGONISTAS (TITULO_PELICULA, ID_PROTAGONISTA)
VALUES ('The Matrix', 5);

INSERT INTO PELICULAS_PROTAGONISTAS (TITULO_PELICULA, ID_PROTAGONISTA)
VALUES ('Interstellar', 6);

INSERT INTO PELICULAS_PROTAGONISTAS (TITULO_PELICULA, ID_PROTAGONISTA)
VALUES ('Inception', 7);

INSERT INTO PELICULAS_PROTAGONISTAS (TITULO_PELICULA, ID_PROTAGONISTA)
VALUES ('The Silence of the Lambs', 8);

INSERT INTO PELICULAS_PROTAGONISTAS (TITULO_PELICULA, ID_PROTAGONISTA)
VALUES ('The Silence of the Lambs', 9);

INSERT INTO PELICULAS_PROTAGONISTAS (TITULO_PELICULA, ID_PROTAGONISTA)
VALUES ('The Silence of the Lambs 2', 8);

INSERT INTO PELICULAS_PROTAGONISTAS (TITULO_PELICULA, ID_PROTAGONISTA)
VALUES ('The Silence of the Lambs 2', 9);

INSERT INTO PELICULAS_PROTAGONISTAS (TITULO_PELICULA, ID_PROTAGONISTA)
VALUES ('The Shawshank Redemption', 10);

----------------------------------------------------------
----------------------------------------------------------

INSERT INTO PELICULAS_DIRECTORES (TITULO_PELICULA, ID_DIRECTOR)
VALUES ('The Godfather', 1);

INSERT INTO PELICULAS_DIRECTORES (TITULO_PELICULA, ID_DIRECTOR)
VALUES ('The Shawshank Redemption', 2);

INSERT INTO PELICULAS_DIRECTORES (TITULO_PELICULA, ID_DIRECTOR)
VALUES ('The Lord of the Rings: The Fellowship of the Ring', 3);

INSERT INTO PELICULAS_DIRECTORES (TITULO_PELICULA, ID_DIRECTOR)
VALUES ('Forrest Gump', 4);

INSERT INTO PELICULAS_DIRECTORES (TITULO_PELICULA, ID_DIRECTOR)
VALUES ('The Matrix', 5);

INSERT INTO PELICULAS_DIRECTORES (TITULO_PELICULA, ID_DIRECTOR)
VALUES ('Interstellar', 6);

INSERT INTO PELICULAS_DIRECTORES (TITULO_PELICULA, ID_DIRECTOR)
VALUES ('Inception', 7);

INSERT INTO PELICULAS_DIRECTORES (TITULO_PELICULA, ID_DIRECTOR)
VALUES ('The Silence of the Lambs', 8);

INSERT INTO PELICULAS_DIRECTORES (TITULO_PELICULA, ID_DIRECTOR)
VALUES ('The Silence of the Lambs 2', 9);

INSERT INTO PELICULAS_DIRECTORES (TITULO_PELICULA, ID_DIRECTOR)
VALUES ('The Shawshank Redemption', 10);
----------------------------------------------------------

INSERT INTO SALAS (ID, CAPACIDAD) VALUES (1, 50);
INSERT INTO SALAS (ID, CAPACIDAD) VALUES (2, 70);
INSERT INTO SALAS (ID, CAPACIDAD) VALUES (3, 80);
INSERT INTO SALAS (ID, CAPACIDAD) VALUES (4, 60);
INSERT INTO SALAS (ID, CAPACIDAD) VALUES (5, 100);
INSERT INTO SALAS (ID, CAPACIDAD) VALUES (6, 90);
INSERT INTO SALAS (ID, CAPACIDAD) VALUES (7, 120);
INSERT INTO SALAS (ID, CAPACIDAD) VALUES (8, 110);
INSERT INTO SALAS (ID, CAPACIDAD) VALUES (9, 80);
INSERT INTO SALAS (ID, CAPACIDAD) VALUES (10, 70);
-------------------------------------------- 


--------------

INSERT INTO PELICULAS_SALAS (TITULO_PELICULA, ID_SALA) VALUES ('The Godfather', 1);
INSERT INTO PELICULAS_SALAS (TITULO_PELICULA, ID_SALA) VALUES ('The Shawshank Redemption', 2);
INSERT INTO PELICULAS_SALAS (TITULO_PELICULA, ID_SALA) VALUES ('The Lord of the Rings: The Fellowship of the Ring', 3);
INSERT INTO PELICULAS_SALAS (TITULO_PELICULA, ID_SALA) VALUES ('Forrest Gump', 4);
INSERT INTO PELICULAS_SALAS (TITULO_PELICULA, ID_SALA) VALUES ('The Matrix', 5);
INSERT INTO PELICULAS_SALAS (TITULO_PELICULA, ID_SALA) VALUES ('Interstellar', 6);
INSERT INTO PELICULAS_SALAS (TITULO_PELICULA, ID_SALA) VALUES ('Inception', 7);
INSERT INTO PELICULAS_SALAS (TITULO_PELICULA, ID_SALA) VALUES ('The Silence of the Lambs', 8);
INSERT INTO PELICULAS_SALAS (TITULO_PELICULA, ID_SALA) VALUES ('The Silence of the Lambs 2', 9);
INSERT INTO PELICULAS_SALAS (TITULO_PELICULA, ID_SALA) VALUES ('The Shawshank Redemption', 10);

----------------------------------------------------------
INSERT INTO HORARIOS (ID, HORA_INICIO, HORA_FIN) VALUES (1, '08:00:00', '10:00:00');
INSERT INTO HORARIOS (ID, HORA_INICIO, HORA_FIN) VALUES (2, '10:00:00', '12:00:00');
INSERT INTO HORARIOS (ID, HORA_INICIO, HORA_FIN) VALUES (3, '12:00:00', '14:00:00');
INSERT INTO HORARIOS (ID, HORA_INICIO, HORA_FIN) VALUES (4, '14:00:00', '16:00:00');
INSERT INTO HORARIOS (ID, HORA_INICIO, HORA_FIN) VALUES (5, '16:00:00', '18:00:00');
INSERT INTO HORARIOS (ID, HORA_INICIO, HORA_FIN) VALUES (6, '18:00:00', '20:00:00');
INSERT INTO HORARIOS (ID, HORA_INICIO, HORA_FIN) VALUES (7, '20:00:00', '22:00:00');
INSERT INTO HORARIOS (ID, HORA_INICIO, HORA_FIN) VALUES (8, '22:00:00', '00:00:00');
INSERT INTO HORARIOS (ID, HORA_INICIO, HORA_FIN) VALUES (9, '00:00:00', '02:00:00');
INSERT INTO HORARIOS (ID, HORA_INICIO, HORA_FIN) VALUES (10, '02:00:00', '04:00:00');
--------------------------------------------------------------------------------------------------------------------


INSERT INTO PELICULAS_HORARIOS (TITULO_PELICULA, ID_HORARIO) VALUES ('The Godfather', 1);
INSERT INTO PELICULAS_HORARIOS (TITULO_PELICULA, ID_HORARIO) VALUES ('The Shawshank Redemption', 2);
INSERT INTO PELICULAS_HORARIOS (TITULO_PELICULA, ID_HORARIO) VALUES ('The Lord of the Rings: The Fellowship of the Ring', 3);
INSERT INTO PELICULAS_HORARIOS (TITULO_PELICULA, ID_HORARIO) VALUES ('Forrest Gump', 4);
INSERT INTO PELICULAS_HORARIOS (TITULO_PELICULA, ID_HORARIO) VALUES ('The Matrix', 5);
INSERT INTO PELICULAS_HORARIOS (TITULO_PELICULA, ID_HORARIO) VALUES ('Interstellar', 6);
INSERT INTO PELICULAS_HORARIOS (TITULO_PELICULA, ID_HORARIO) VALUES ('Inception', 7);
INSERT INTO PELICULAS_HORARIOS (TITULO_PELICULA, ID_HORARIO) VALUES ('The Silence of the Lambs', 8);
INSERT INTO PELICULAS_HORARIOS (TITULO_PELICULA, ID_HORARIO) VALUES ('The Silence of the Lambs 2', 9);
INSERT INTO PELICULAS_HORARIOS (TITULO_PELICULA, ID_HORARIO) VALUES ('The Shawshank Redemption', 10);
----------------------------------------------------------

INSERT INTO DIAS (ID, NOMBRE, FECHA, DESCUENTO) VALUES (1, 'Día del Trabajo', '2023-05-01', 10);
INSERT INTO DIAS (ID, NOMBRE, FECHA, DESCUENTO) VALUES (2, 'Día de la Independencia', '2023-07-04', 15);
INSERT INTO DIAS (ID, NOMBRE, FECHA, DESCUENTO) VALUES (3, 'Día de Acción de Gracias', '2023-11-23', 20);
INSERT INTO DIAS (ID, NOMBRE, FECHA, DESCUENTO) VALUES (4, 'Viernes Negro', '2023-11-24', 25);
INSERT INTO DIAS (ID, NOMBRE, FECHA, DESCUENTO) VALUES (5, 'Cyber Monday', '2023-11-27', 30);
INSERT INTO DIAS (ID, NOMBRE, FECHA, DESCUENTO) VALUES (6, 'Navidad', '2023-12-25', 35);
INSERT INTO DIAS (ID, NOMBRE, FECHA, DESCUENTO) VALUES (7, 'Año Nuevo', '2024-01-01', 10);
INSERT INTO DIAS (ID, NOMBRE, FECHA, DESCUENTO) VALUES (8, 'Día de San Valentín', '2024-02-14', 15);
INSERT INTO DIAS (ID, NOMBRE, FECHA, DESCUENTO) VALUES (9, 'Día de la Madre', '2024-05-12', 20);
INSERT INTO DIAS (ID, NOMBRE, FECHA, DESCUENTO) VALUES (10, 'Día del Padre', '2024-06-16', 20);

----------------------------------------------------------


INSERT INTO PELICULAS_DIAS (TITULO_PELICULA, ID_DIA) VALUES ('The Godfather', 1);
INSERT INTO PELICULAS_DIAS (TITULO_PELICULA, ID_DIA) VALUES ('The Shawshank Redemption', 2);
INSERT INTO PELICULAS_DIAS (TITULO_PELICULA, ID_DIA) VALUES ('The Lord of the Rings: The Fellowship of the Ring', 3);
INSERT INTO PELICULAS_DIAS (TITULO_PELICULA, ID_DIA) VALUES ('Forrest Gump', 4);
INSERT INTO PELICULAS_DIAS (TITULO_PELICULA, ID_DIA) VALUES ('The Matrix', 5);
INSERT INTO PELICULAS_DIAS (TITULO_PELICULA, ID_DIA) VALUES ('Interstellar', 6);
INSERT INTO PELICULAS_DIAS (TITULO_PELICULA, ID_DIA) VALUES ('Inception', 7);
INSERT INTO PELICULAS_DIAS (TITULO_PELICULA, ID_DIA) VALUES ('The Silence of the Lambs', 8);
INSERT INTO PELICULAS_DIAS (TITULO_PELICULA, ID_DIA) VALUES ('The Silence of the Lambs 2', 9);
INSERT INTO PELICULAS_DIAS (TITULO_PELICULA, ID_DIA) VALUES ('The Shawshank Redemption', 10);

----------------------------------------------------------
INSERT INTO TELEFONOS (NUMERO) VALUES (123456789);
INSERT INTO TELEFONOS (NUMERO) VALUES (987654321);
INSERT INTO TELEFONOS (NUMERO) VALUES (555444333);
INSERT INTO TELEFONOS (NUMERO) VALUES (222333444);
INSERT INTO TELEFONOS (NUMERO) VALUES (111222333);
INSERT INTO TELEFONOS (NUMERO) VALUES (555111222);
INSERT INTO TELEFONOS (NUMERO) VALUES (333666999);
INSERT INTO TELEFONOS (NUMERO) VALUES (444777000);
INSERT INTO TELEFONOS (NUMERO) VALUES (999888777);
INSERT INTO TELEFONOS (NUMERO) VALUES (777666555);
----------------------------------------------------------

INSERT INTO CINES (NUMERO_UBICACION, CALLE) VALUES (1, 'Calle 1');
INSERT INTO CINES (NUMERO_UBICACION, CALLE) VALUES (2, 'Calle 2');
INSERT INTO CINES (NUMERO_UBICACION, CALLE) VALUES (3, 'Calle 3');
INSERT INTO CINES (NUMERO_UBICACION, CALLE) VALUES (4, 'Calle 4');
INSERT INTO CINES (NUMERO_UBICACION, CALLE) VALUES (5, 'Calle 5');
INSERT INTO CINES (NUMERO_UBICACION, CALLE) VALUES (6, 'Calle 6');
INSERT INTO CINES (NUMERO_UBICACION, CALLE) VALUES (7, 'Calle 7');
INSERT INTO CINES (NUMERO_UBICACION, CALLE) VALUES (8, 'Calle 8');
INSERT INTO CINES (NUMERO_UBICACION, CALLE) VALUES (9, 'Calle 9');
INSERT INTO CINES (NUMERO_UBICACION, CALLE) VALUES (10, 'Calle 10');
----------------------------------------------------------
----------------------------------------------------------

INSERT INTO TELEFONO_CINES (NUMERO_CINE, NUMERO_TELEFONO) VALUES (1, 123456789);
INSERT INTO TELEFONO_CINES (NUMERO_CINE, NUMERO_TELEFONO) VALUES (2, 987654321);
INSERT INTO TELEFONO_CINES (NUMERO_CINE, NUMERO_TELEFONO) VALUES (2, 555444333);
INSERT INTO TELEFONO_CINES (NUMERO_CINE, NUMERO_TELEFONO) VALUES (2, 222333444);
INSERT INTO TELEFONO_CINES (NUMERO_CINE, NUMERO_TELEFONO) VALUES (3, 777666555);
INSERT INTO TELEFONO_CINES (NUMERO_CINE, NUMERO_TELEFONO) VALUES (4, 999888777);
INSERT INTO TELEFONO_CINES (NUMERO_CINE, NUMERO_TELEFONO) VALUES (5, 444777000);
INSERT INTO TELEFONO_CINES (NUMERO_CINE, NUMERO_TELEFONO) VALUES (6, 333666999);
INSERT INTO TELEFONO_CINES (NUMERO_CINE, NUMERO_TELEFONO) VALUES (7, 555111222);
INSERT INTO TELEFONO_CINES (NUMERO_CINE, NUMERO_TELEFONO) VALUES (10, 111222333);
----------------------------------------------------------
----------------------------------------------------------
----------------------------------------------------------

INSERT INTO PROYECCIONES (TITULO_PELICULA, NUMERO_CINE) VALUES ('The Godfather', 1);
INSERT INTO PROYECCIONES (TITULO_PELICULA, NUMERO_CINE) VALUES ('The Shawshank Redemption', 2);
INSERT INTO PROYECCIONES (TITULO_PELICULA, NUMERO_CINE) VALUES ('The Lord of the Rings: The Fellowship of the Ring', 3);
INSERT INTO PROYECCIONES (TITULO_PELICULA, NUMERO_CINE) VALUES ('Forrest Gump', 4);
INSERT INTO PROYECCIONES (TITULO_PELICULA, NUMERO_CINE) VALUES ('The Matrix', 5);
INSERT INTO PROYECCIONES (TITULO_PELICULA, NUMERO_CINE) VALUES ('Interstellar', 6);
INSERT INTO PROYECCIONES (TITULO_PELICULA, NUMERO_CINE) VALUES ('Inception', 7);
INSERT INTO PROYECCIONES (TITULO_PELICULA, NUMERO_CINE) VALUES ('The Silence of the Lambs', 8);
INSERT INTO PROYECCIONES (TITULO_PELICULA, NUMERO_CINE) VALUES ('The Silence of the Lambs 2', 9);
INSERT INTO PROYECCIONES (TITULO_PELICULA, NUMERO_CINE) VALUES ('The Shawshank Redemption', 10);

----------------------------------------------------------
----------------------------------------------------------